{"cameraMode":{"drawMode":0,"name":"Shaded","section":"Shading Mode"},"sceneLighting":true,"audioPlay":false,"sceneViewState":{"m_AlwaysRefresh":false,"showFog":true,"showSkybox":true,"showFlares":true,"showImageEffects":true,"showParticleSystems":true,"showVisualEffectGraphs":true,"m_FxEnabled":true},"in2DMode":false,"pivot":{"x":0.6747948527336121,"y":-0.46816951036453249,"z":1.4355123043060303},"rotation":{"x":0.39304453134536745,"y":0.13847924768924714,"z":-0.06000598892569542,"w":0.9070500731468201},"size":1.3599084615707398,"orthographic":false}